关键词,推荐理由,整体日均搜索量,移动日均搜索量,竞争激烈程度
如何标题党,"先机,",<10,<10,低
标题党吧,"先机,",<10,<10,低
标题党,"先机,",<10,<10,低
什么是标题党,"先机,",<10,<10,低
好的标题党,"先机,",<10,<10,低
标题党类型,"先机,",<10,<10,低
标题党为什么要,"先机,",<10,<10,低
常见的标题党,"先机,",<10,<10,低
标题党是什么,"先机,",<10,<10,低
怎么做标题党,"先机,",<10,<10,低
如何做标题党,"先机,",<10,<10,低
如何做好标题党,"先机,",<10,<10,低
怎样做好标题党,"先机,",<10,<10,低
哪些标题党,"先机,",<10,<10,低
黄色标题党,"先机,",<10,<10,低
什么叫标题党,"先机,",<10,<10,低
标题党的危害,"先机,",<10,<10,低
标题党危害,"先机,",<10,<10,低
标题党的特点,"先机,",<10,<10,低
标题党特点,"先机,",<10,<10,低
如何当一个标题党,"先机,",<10,<10,低
打击标题党,"先机,",<10,<10,低
怎样做好一个标题党,"先机,",<10,<10,低
如何做好一个标题党,"先机,",<10,<10,低
2018标题党,"先机,",<10,<10,低
做个标题党,"先机,",<10,<10,低
如何做个标题党,"先机,",<10,<10,低
爆文标题党,"先机,",<10,<10,低
国外标题党,"先机,",<10,<10,低
拒绝标题党,"先机,",<10,<10,低
标题党图,"先机,",<10,<10,低
如何做一个标题党,"先机,",<10,<10,低
怎么做一个标题党,"先机,",<10,<10,低
网络标题党,"先机,",<10,<10,低
最新标题党,"先机,",<10,<10,低
标题党案例,"先机,",<10,<10,低
如何看待标题党,"先机,",<10,<10,低
明星标题党,"先机,",<10,<10,低
标题党实例,"先机,",<10,<10,低
内涵标题党,"先机,",<10,<10,低
吸引人的标题党,"先机,",<10,<10,低
经典标题党,"先机,",<10,<10,低
活动标题党,"先机,",<10,<10,低
标题党网站,"先机,",<10,<10,低
标题党大全,"先机,",<10,<10,低
新闻标题党,"先机,",<10,<10,低
整治标题党,"先机,",<10,<10,低
标题党套路,"先机,",<10,<10,低
标题党的套路,"先机,",<10,<10,低
标题党常用,"先机,",<10,<10,低
标题党图片,"先机,",<10,<10,低
2018标题党案例,"先机,",<10,<10,低
标题党例子,"先机,",<10,<10,低
标题党的例子,"先机,",<10,<10,低
如何成为一个标题党,"先机,",<10,<10,低
公益标题党,"先机,",<10,<10,低
怎么成为标题党,"先机,",<10,<10,低
如何成为标题党,"先机,",<10,<10,低
没有标题党的新闻,"先机,",<10,<10,低
标题党生成,"先机,",<10,<10,低
傻逼标题党,"先机,",<10,<10,低
经典标题党例子,"先机,",<10,<10,低
有趣的标题党,"先机,",<10,<10,低
标题党什么意思,"先机,",<10,<10,低
标题党必备,"先机,",<10,<10,低
新闻标题党案例,"先机,",<10,<10,低
网络新闻标题党,"先机,",<10,<10,低
典型的标题党新闻,"先机,",<10,<10,低
标题党产生的原因,"先机,",<10,<10,低
标题党新闻,"先机,",<10,<10,低
最牛标题党,"先机,",<10,<10,低
网络新闻标题党的特点,"先机,",<10,<10,低
万恶的标题党,"先机,",<10,<10,低
没有标题党的新闻网站,"先机,",<10,<10,低
标题党最出名的几条,"先机,",<10,<10,低
标题党新闻例子,"先机,",<10,<10,低
标题党怎么写,"先机,",<10,<10,低
促销标题党,"先机,",<10,<10,低
标题党标题,"先机,",<10,<10,低
标题党的标题,"先机,",<10,<10,低
销售标题党,"先机,",<10,<10,低
视频标题党,"先机,",<10,<10,低
标题党题目,"先机,",<10,<10,低
文章标题党,"先机,",<10,<10,低
推文标题党,"先机,",<10,<10,低
标题党新闻案例,"先机,",<10,<10,低
标题党是怎么炼成的,"先机,",<10,<10,低
搞笑标题党,"先机,",<10,<10,低
搞笑的标题党,"先机,",<10,<10,低
营销标题党大全,"先机,",<10,<10,低
新闻标题党的段子,"先机,",<10,<10,低
标题党是什么意思,"先机,",<10,<10,低
营销标题党,"先机,",<10,<10,低
恶心的标题党,"先机,",<10,<10,低
震惊标题党,"先机,",<10,<10,低
关于暑假的标题党,"先机,",<10,<10,低
8个字标题党,"先机,",<10,<10,低
惩治标题党,"先机,",<10,<10,低
好玩的标题党,"先机,",<10,<10,低
朋友圈标题党,"先机,",<10,<10,低
小编司马标题党,"先机,",<10,<10,低
现在的新闻都是标题党,"先机,",<10,<10,低
性暗示标题党,"先机,",<10,<10,低
吸引眼球的标题党例子,"先机,",<10,<10,低
医疗标题党,"先机,",<10,<10,低
自媒体标题党,"先机,",<10,<10,低
标题党标题大全,"先机,",<10,<10,低
讨厌标题党,"先机,",<10,<10,低
学习标题党,"先机,",<10,<10,低
预热标题党,"先机,",<10,<10,低
夸张标题党,"先机,",<10,<10,低
标题党公式,"先机,",<10,<10,低
令人反感的标题党,"先机,",<10,<10,低
微信标题党大全,"先机,",<10,<10,低
北京时间全是标题党,"先机,",<10,<10,低
软文标题党,"先机,",<10,<10,低
美女标题党,"先机,",<10,<10,低
产品标题党,"先机,",<10,<10,低
比赛类标题党,"先机,",<10,<10,低
标题党常用标题,"先机,",<10,<10,低
中秋节标题党,"先机,",<10,<10,低
最搞笑标题党,"先机,",<10,<10,低
吓人的标题党,"先机,",<10,<10,低
互联网标题党,"先机,",<10,<10,低
标题党格式,"先机,",<10,<10,低
网站编辑小编标题党,"先机,",<10,<10,低
微信标题党,"先机,",<10,<10,低
网络新闻传播标题党现象,"先机,",<10,<10,低
标题党笑话,"先机,",<10,<10,低
爆笑标题党,"先机,",<10,<10,低
比赛标题党,"先机,",<10,<10,低
标题党可恶,"先机,",<10,<10,低
故事标题党,"先机,",<10,<10,低
搞笑标题党文案,"先机,",<10,<10,低
新媒体标题党,"先机,",<10,<10,低
如何成为一个合格的标题党,"先机,",<10,<10,低
为什么现在标题党那么多没人治理,"先机,",<10,<10,低
标题党带来的启发,"先机,",<10,<10,低
中秋标题党,"先机,",<10,<10,低
淫色标题党2,"先机,",<10,<10,低
旅行标题党,"先机,",<10,<10,低
标题党搞笑,"先机,",<10,<10,低
标题党死全家,"先机,",<10,<10,低
垃圾标题党迷彩虎,"先机,",<10,<10,低
招商标题党,"先机,",<10,<10,低
旅游标题党,"先机,",<10,<10,低
市场营销标题党大全,"先机,",<10,<10,低
淫色标题党4,"先机,",<10,<10,低
新闻标题党好恶心,"先机,",<10,<10,低
张鸿标题党,"先机,",<10,<10,低
为什么现在的新闻都是标题党震惊党,"先机,",<10,<10,低
淫色标题党7,"先机,",<10,<10,低
财经标题党,"先机,",<10,<10,低
八卦标题党,"先机,",<10,<10,低
卖房标题党,"先机,",<10,<10,低
关于开业的标题党,"先机,",<10,<10,低
开业标题党,"先机,",<10,<10,低
标题党横行,"先机,",<10,<10,低
军事标题党,"先机,",<10,<10,低
淫色标题党1,"先机,",<10,<10,低
微信朋友圈标题党大全,"先机,",<10,<10,低
标题党封面党,"先机,",<10,<10,低
标题党刷新下限,"先机,",<10,<10,低
标题党模板,"先机,",<10,<10,低
我们要学做一名标题党,"先机,",<10,<10,低
标题党经典台词,"先机,",<10,<10,低
自媒体段子,"先机,",<10,<10,低
自媒体标题套路,"先机,",<10,<10,低
自媒体搞笑的文章,"先机,",<10,<10,低
金融标题党,"先机,",<10,<10,低
搞笑自媒体名称,"先机,",<10,<10,低
搜集新闻标题导语,"先机,",<10,<10,低
幽默的自媒体,"先机,",<10,<10,低
幽默自媒体,"先机,",<10,<10,低
自媒体搞笑领域,"先机,",<10,<10,中
段子新闻,"先机,",<10,<10,低
地产标题党,"先机,",<10,<10,低
自媒体引用图片来源,"先机,",<10,<10,低
最搞笑自媒体,"先机,",<10,<10,低
精彩的新闻标题往往,"先机,",<10,<10,低
人肉搜索时评,"先机,",<10,<10,低
搞笑自媒体,"先机,",<10,<10,低
最新标题段子,"先机,",<10,<10,低
朋友圈拉票现象,"先机,",<10,<10,低
新闻标题和导语的例子,"先机,",<10,<10,低
新闻的标题和导语的例子,"先机,",<10,<10,低
微博话题导语,"先机,",<10,<10,低
新闻话题,"先机,",<10,<10,低
奇葩新闻标题,"先机,",<10,<10,低
段子标题,"先机,",<10,<10,低
朋友圈谣言套路,"先机,",<10,<10,低
自媒体网络暴力问题800字,"先机,",<10,<10,低
正能量新闻要有导语,"先机,",<10,<10,低
新闻标题和导语大全,"先机,",<10,<10,低
自媒体标题大全,"先机,潜力,",<10,<10,低
自媒体爆文标题,"先机,潜力,",<10,<10,低
笑话的标题,"先机,",<10,<10,低
笑话标题,"先机,",<10,<10,低
朋友圈拉票段子,"先机,潜力,",<10,<10,低
uc评论段子,"先机,",<10,<10,低
顶帖子的搞笑话,"先机,",<10,<10,低
正能量新闻标题,"先机,",<10,<10,低
自媒体话语标题的拟定,"先机,",<10,<10,低
自媒体热点文章,"先机,",<10,<10,低
朋友圈有趣的段子,"先机,潜力,",<10,<10,低
自媒体爆文套路,"先机,",<10,<10,低
有标题导语主体的新闻,"先机,",<10,<10,低
评论朋友圈的搞笑话语,"先机,",<10,<10,低
自媒体套路,"先机,",<10,<10,低
公众号笑话,"先机,",<10,<10,低
朋友圈过渡段子,"先机,",<10,<10,低
网恋搞笑帖子,"先机,",<10,<10,低
震惊新闻标题,"先机,",<10,<10,低
震惊的新闻标题,"先机,",<10,<10,低
吸引人的笑话标题,"先机,",<10,<10,低
时评新闻标题,"先机,",<10,<10,低
新闻段子,"先机,潜力,",<10,<10,低
下雨段子新闻,"先机,",<10,<10,低
百姓生活关注新闻文字,"先机,",<10,<10,低
自媒体人吐槽,"先机,",<10,<10,低
搞笑类自媒体,"先机,",<10,<10,低
微博搞笑互动话题,"先机,",<10,<10,低
有趣新闻标题,"先机,",<10,<10,低
有趣的新闻标题,"先机,",<10,<10,低
精彩新闻标题,"先机,",<10,<10,低
精彩的新闻标题,"先机,",<10,<10,低
自媒体文章开头,"先机,",<10,<10,低
自媒体话题,"先机,",<10,<10,低
自媒体搞笑图文,"先机,",<10,<10,低
关注新闻,"先机,",<10,<10,低
怎么关注新闻,"先机,",<10,<10,低
点击全文营销段子,"先机,",<10,<10,低
朋友圈互动话题的段子,"先机,",<10,<10,低
朋友圈讽刺人的段子,"先机,",<10,<10,低
自媒体标题爆文技巧,"先机,",<10,<10,低
我关注的新闻,"先机,",<10,<10,低
搞笑帖子大全,"先机,潜力,",<10,<10,低
朋友圈笑话段子加图片,"先机,",<10,<10,低
幽默搞笑微信文章,"先机,",<10,<10,低
话题新闻,"先机,潜力,",<10,<10,低
为什么要关注新闻,"先机,",<10,<10,低
有趣的微博段子,"先机,",<10,<10,低
微博话题大全,"先机,",<10,<10,低
朋友圈转折段子,"先机,",<10,<10,低
笑话朋友圈,"先机,",<10,<10,低
微信朋友圈流行语,"先机,",<10,<10,低
uc的文章都是吃屎的吗,"先机,",<10,<10,低
自媒体语录,"先机,",<10,<10,低
自媒体人的心声,"先机,",<10,<10,低
自媒体标题如何吸引人,"先机,",<10,<10,低
关注新闻的意义,"先机,",<10,<10,低
微博搞笑热门评论,"先机,",<10,<10,低
朋友圈评论段子,"先机,",<10,<10,低
朋友圈回复幽默神回复,"先机,",<10,<10,低
吐槽朋友圈的段子,"先机,",<10,<10,低
朋友圈笑话,"先机,潜力,",<10,<10,低
农村生活自媒体小视频,"先机,",<10,<10,低
有标题导语的新闻,"先机,",<10,<10,低
有标题和导语的新闻,"先机,",<10,<10,低
我关注的新闻有,"先机,",<10,<10,低
文章结尾的好段子,"先机,",<10,<10,低
自媒体谣言,"先机,",<10,<10,低
自媒体写标题,"先机,",<10,<10,低
新闻导语和标题,"先机,",<10,<10,低
微信错别字笑话,"先机,",<10,<10,低
关于小编的段子,"先机,",<10,<10,低
豆瓣搞笑帖子,"先机,",<10,<10,低
崔永元自媒体,"先机,",<10,<10,低
如何看待朋友圈谣言,"先机,",<10,<10,低
搞笑帖子,"先机,",<10,<10,低
搞笑的帖子,"先机,",<10,<10,低
娱乐八卦文章,"先机,",<10,<10,低
微博热点话题,"先机,",<10,<10,低
微信搞笑文章大全,"先机,",<10,<10,低
自媒体差评是什么,"先机,",<10,<10,低
新闻关注,"先机,",<10,<10,低
自媒体动图,"先机,",<10,<10,低
新闻导语的类型例子,"先机,",<10,<10,低
头条笑话,"先机,",<10,<10,低
热点事件文章,"先机,",<10,<10,低
新闻标题导语,"先机,",<10,<10,低
新闻的标题和导语,"先机,",<10,<10,低
一则新闻的标题和导语,"先机,",<10,<10,低
新闻标题和导语,"先机,",<10,<10,低
最搞笑的帖子,"先机,",<10,<10,低
朋友圈话题讨论,"先机,",<10,<10,低
微信朋友圈最新流行语,"先机,",<10,<10,低
新闻就是关注人,"先机,",<10,<10,低
民生新闻段子,"先机,",<10,<10,低
朋友圈搞笑回复,"先机,",<10,<10,低
吸引人的新闻标题,"先机,",<10,<10,低
新闻标题如何巧用热点,"先机,",<10,<10,低
差评自媒体,"先机,",<10,<10,低
新闻标题如何吸引人,"先机,",<10,<10,低
uc笑话,"先机,",<10,<10,低
文章开头的好段子,"先机,",<10,<10,低
那些精彩的微信段子,"先机,",<10,<10,低
朋友圈的营销套路段子,"先机,",<10,<10,低
朋友圈搞笑评论回复,"先机,",<10,<10,低
自媒体犯罪,"先机,潜力,",<10,<10,低
朋友圈夸人的段子,"先机,",<10,<10,低
世界杯文章标题,"先机,",<10,<10,低
自媒体标题练习,"先机,",<10,<10,低
搞笑新闻段子,"先机,",<10,<10,低
搞笑的新闻段子,"先机,",<10,<10,低
朋友圈搞笑互动话题,"先机,",<10,<10,低
微博文章搜索,"先机,",<10,<10,低
体育自媒体标题的套路格式,"先机,",<10,<10,低
新闻标题例子,"先机,",<10,<10,低
绕口新闻,"先机,",<10,<10,低
没什么人关注这则新闻,"先机,",<10,<10,低
段子文章,"先机,",<10,<10,低
自媒体正能量,"先机,",<10,<10,低
新浪笑话,"先机,",<10,<10,低
笑话新闻,"先机,",<10,<10,低
一些自媒体违规采访混淆视听,"先机,",<10,<10,低
搞笑自媒体的变现,"先机,",<10,<10,低
自媒体标题,"先机,",<10,<10,低
自媒体差评,"先机,",<10,<10,低
朋友圈笑话段子,"先机,",<10,<10,低
知乎有趣的话题,"先机,潜力,",<10,<10,低
对自媒体的看法,"先机,",<10,<10,低
朋友圈的各种谣言,"先机,",<10,<10,低
新闻导语例子,"先机,",<10,<10,低
自媒体标题怎么写,"先机,",<10,<10,低
搞笑的朋友圈回复,"先机,",<10,<10,低
搞笑朋友圈回复,"先机,",<10,<10,低
台风朋友圈说说,"先机,",<10,<10,低
李克强会关注的新闻网站,"先机,",<10,<10,低
自媒体虚假报道,"先机,",<10,<10,低
博主写段子调侃百度,"先机,",<10,<10,低
朋友圈号召投票的段子,"先机,",<10,<10,低
朋友圈最搞笑的拉票词,"先机,",<10,<10,低
鹿晗小段子文章新浪微博,"先机,",<10,<10,低
自媒体表情包,"先机,潜力,",<10,<10,低
网恋奔现搞笑帖子,"先机,",<10,<10,低
微博笑话排行榜,"先机,",<10,<10,低
自媒体的英文,"先机,潜力,",<10,<10,低
段子手叫自媒体吗,"先机,",<10,<10,低
朋友圈神转折段子,"先机,",<10,<10,低
新浪微博文章字数限制,"先机,",<10,<10,低
微博怎么关注话题,"先机,",<10,<10,低
微信朋友圈经典笑话,"先机,",<10,<10,低
错别字新闻,"先机,",<10,<10,低
微博笑话段子,"先机,",<10,<10,低
新闻标题导语主体,"先机,",<10,<10,低
造谣自媒体,"先机,",<10,<10,低
自媒体造谣,"先机,",<10,<10,低
小故事导语的新闻例子,"先机,",<10,<10,低
小故事导语新闻例子,"先机,",<10,<10,低
朋友圈文案段子,"先机,潜力,",<10,<10,低
工作文章开头的好段子,"先机,",<10,<10,低
新闻标题就一个主标题的例子,"先机,",<10,<10,低
热搜文章,"先机,",<10,<10,低
新闻笑话,"先机,",<10,<10,低
自媒体如何写出爆文,"先机,",<10,<10,低
自媒体怎么写出爆文,"先机,",200,<10,低
自媒体标题在线生成,"先机,潜力,",<10,<10,低
自媒体怎么去标题和别人不同呢,"先机,",<10,<10,低
标题党与新闻传播学理论,"先机,",<10,<10,低
关于自媒体的比喻,"先机,",<10,<10,低
关注一个新闻后感,"先机,",<10,<10,低
搞笑段子标题,"先机,潜力,",<10,<10,低
搞笑的朋友圈段子,"先机,潜力,",<10,<10,低
搞笑朋友圈段子,"先机,",<10,<10,中
话题段子,"先机,",<10,<10,低
微博热门段子,"先机,",<10,<10,低
朋友圈散布谣言,"先机,",<10,<10,低
热点事件美文公众号,"先机,",<10,<10,低
搜索笑话,"先机,",<10,<10,低
朋友圈冒泡说说,"先机,",<10,<10,低
发动朋友圈投票的说说,"先机,",<10,<10,低
微博对于新闻的意义,"先机,",<10,<10,低
自媒体怎么蹭热点,"先机,",<10,<10,低
自媒体如何蹭热点,"先机,潜力,",<10,<10,低
小故事为导语的新闻,"先机,",<10,<10,低
朋友圈段子搞笑,"先机,",<10,<10,低
新闻时评文章,"先机,",<10,<10,低
世界杯朋友圈段子,"先机,",<10,<10,低
精彩段子微信,"先机,",<10,<10,低
有趣自媒体,"先机,潜力,",<10,<10,低
新闻导语的类型及例子,"先机,",<10,<10,低
小故事新闻导语例子,"先机,",<10,<10,低
朋友圈逗比的话语,"先机,",<10,<10,低
经典微博段子,"先机,",<10,<10,低
社会新闻必须要有标题导语,"先机,",<10,<10,低
朋友圈拉票怎么写,"先机,",<10,<10,低
朋友圈经典段子,"先机,",<10,<10,低
不好的新闻标题,"先机,",<10,<10,低
朋友圈拉票词,"先机,潜力,",<10,<10,低
微博时评,"先机,",<10,<10,低
朋友圈幽默现实笑话,"先机,",<10,<10,低
关于谣言的段子,"先机,",<10,<10,低
自媒体视频跟文章,"先机,",<10,<10,低
搞笑的朋友圈评论,"先机,",<10,<10,低
搞笑朋友圈评论,"先机,",<10,<10,低
怎么搞笑回复朋友圈,"先机,",<10,<10,低
朋友圈评论神回复恶搞,"先机,",<10,<10,低
微博头条文章怎么加话题,"先机,",<10,<10,低
新闻导语大全,"先机,",<10,<10,低
搞笑段子文章,"先机,",<10,<10,低
朋友圈喝酒的笑话段子精选,"先机,",<10,<10,低
朋友圈关于贺函的段子,"先机,",<10,<10,低
发朋友圈的笑话,"先机,",<10,<10,低
发朋友圈笑话,"先机,",<10,<10,低
微博怎么关注超级话题,"先机,",<10,<10,低
评论朋友圈的语句搞笑,"先机,",<10,<10,低
朋友圈关于渡劫的段子,"先机,",<10,<10,低
王思聪朋友圈新闻,"先机,",<10,<10,低
新闻标题及导语,"先机,",<10,<10,低
好的新闻标题例子,"先机,",<10,<10,低
微博段子侵权,"先机,",<10,<10,低
有问题的新闻标题,"先机,",<10,<10,低
自媒体文章搜索,"先机,潜力,",<10,<10,低
自媒体昵称,"先机,",<10,<10,低
朋友圈正能量的文章,"先机,",<10,<10,低
幽默搞笑的软文,"先机,",<10,<10,低
吸引朋友圈的段子,"先机,",<10,<10,低
网络热点段子,"先机,",<10,<10,低
三标题正能量新闻,"先机,",<10,<10,低
微博话题怎么进,"先机,",<10,<10,低
朋友圈十大脑残文标题,"先机,",<10,<10,低
关注新闻的好处,"先机,",<10,<10,低
单身狗文章,"先机,潜力,",<10,<10,低
关于单身狗的文章,"先机,潜力,",<10,<10,低
朋友圈幽默一句话,"先机,",<10,<10,低
微博搞笑段子排行榜,"先机,",<10,<10,低
最吸引人的新闻标题,"先机,",<10,<10,低
自媒体文章每日感悟,"先机,",<10,<10,低
自媒体人热点,"先机,",<10,<10,低
朋友圈的谣言,"先机,",<10,<10,低
朋友圈谣言,"先机,潜力,",<10,<10,低
最新一句话新闻大全,"先机,",<10,<10,低
新闻标题和导语的区别,"先机,",<10,<10,低
幽默搞笑的朋友圈,"先机,",<10,<10,低
小故事导语新闻,"先机,",<10,<10,低
小故事导语的新闻,"先机,",<10,<10,低
网络微博段子,"先机,",<10,<10,低
搞笑图片帖子,"先机,",<10,<10,低
小故事新闻导语,"先机,",<10,<10,低
有趣神评论,"先机,",<10,<10,低
微博视频自媒体的分类,"先机,",<10,<10,低
朋友圈拉票行为,"先机,潜力,",<10,<10,低
新闻小故事导语例子,"先机,",<10,<10,低
新闻小故事导语的例子,"先机,",<10,<10,低
2018朋友圈段子,"先机,",<10,<10,低
朋友圈拉票怎么说,"先机,",<10,<10,低
新闻自媒体稿件选择,"先机,",<10,<10,低
文案笑话,"先机,",<10,<10,低
最奇葩的新闻,"先机,",<10,<10,低
最奇葩新闻,"先机,",<10,<10,低
微信朋友圈精彩段子,"先机,",<10,<10,低
适合发朋友圈的笑话,"先机,潜力,",<10,<10,低
微博话题怎么取消关注,"先机,",<10,<10,低
搞笑内涵文章,"先机,",<10,<10,低
自媒体标题生成,"先机,",<10,<10,低
微博推送没有关注的人,"先机,",<10,<10,低
微博搞笑排行榜笑话,"先机,",<10,<10,低
2018微博时评文,"先机,",<10,<10,低
朋友圈套路段子,"先机,",<10,<10,低
关注新闻感悟,"先机,",<10,<10,低
关于朋友圈的段子,"先机,潜力,",<10,<10,低
朋友圈段子,"先机,潜力,",<10,<10,低
朋友圈的段子,"先机,",<10,<10,低
发朋友圈的笑话带图,"先机,",<10,<10,低
微博话题讨论,"先机,",<10,<10,低
十个不同的新闻导语,"先机,",<10,<10,低
调侃朋友圈的段子,"先机,潜力,",<10,<10,低
自媒体吸引别人的关注,"先机,",<10,<10,低
朋友圈说说搞笑,"先机,",<10,<10,低
2018热点段子,"先机,",<10,<10,低
笑话微博,"先机,",<10,<10,低
热笑话微博,"先机,",<10,<10,低
搞笑段子微博段子,"先机,",<10,<10,低
微博经典段子,"先机,",<10,<10,低
朋友圈自嘲段子,"先机,",<10,<10,低
2018搞笑新闻段子,"先机,",<10,<10,低
机智幽默微信神回复,"先机,",<10,<10,低
幽默新闻,"先机,",<10,<10,低
幽默的新闻,"先机,",<10,<10,低
帖子标题大全,"先机,潜力,",<10,<10,低
以小故事导语的新闻,"先机,",<10,<10,低
自媒体作者排名,"先机,",<10,<10,低
朋友圈神回复恶搞,"先机,",<10,<10,低
本周搞笑新闻热点,"先机,",<10,<10,低
微博关注人动态,"先机,",<10,<10,低
知乎主页如何显示我关注的话题,"先机,",<10,<10,低
知乎关注话题,"先机,",<10,<10,低
知乎怎么关注话题,"先机,",<10,<10,低
知乎如何关注话题,"先机,",<10,<10,低
怎么感谢朋友圈的关注,"先机,",<10,<10,低
一句话搞笑的段子吸引关注,"先机,",<10,<10,低
有趣的帖子,"先机,",<10,<10,低
微博通过头条文章关注,"先机,",<10,<10,低
好的新闻标题大全,"先机,",<10,<10,低
搞笑推广段子,"先机,",<10,<10,低
笑话文章,"先机,",<10,<10,低
一条奇葩帖子在网上引起热议作文,"先机,",<10,<10,低
自媒体村事件,"先机,",<10,<10,低
自媒体视频标题,"先机,",<10,<10,中
时评标题,"先机,",<10,<10,低
什么叫导语,"先机,",<10,<10,低
好的新闻标题,"先机,",<10,<10,低
好新闻标题,"先机,",<10,<10,低
经典新闻标题,"先机,",<10,<10,低
概括新闻标题的方法,"先机,",<10,<10,低
人民网时评文章,"先机,",<10,<10,低
自媒体标题的写法,"先机,",<10,<10,低
导语是小故事的新闻,"先机,",<10,<10,低
有小故事导语的新闻,"先机,",<10,<10,低
段子朋友圈,"先机,",<10,<10,低
微博自媒体领域分类,"先机,",<10,<10,低
热点时评文章,"先机,",<10,<10,低
朋友圈不当言论,"先机,",<10,<10,低
新浪笑话论坛,"先机,",<10,<10,低
新闻的引标题是什么,"先机,",<10,<10,低
自媒体标题采集,"先机,",<10,<10,低
关于缺德的新闻,"先机,",<10,<10,低
朋友圈互推范文,"先机,",<10,<10,低
搞笑段子微博,"先机,",<10,<10,低
微信朋友圈笑话,"先机,潜力,",<10,<10,低
关于自媒体的议论文,"先机,",<10,<10,低
如何鉴别朋友圈文章是不是谣言,"先机,",<10,<10,低
奇葩新闻,"先机,",<10,<10,低
奇葩的新闻,"先机,",<10,<10,低
微信精彩段子,"先机,",<10,<10,低
父母朋友圈谣言,"先机,",<10,<10,低
新闻的导语,"先机,",<10,<10,低
新闻导语,"先机,",<10,<10,低
一则新闻的导语,"先机,",<10,<10,低
新浪微博置顶文章等于多少篇普通,"先机,",<10,<10,低
脱贫攻坚新闻标题,"先机,",<10,<10,低
自媒体转载新闻,"先机,潜力,",<10,<10,低
新闻搞笑段子,"先机,",<10,<10,低
朋友圈喝酒搞笑文案,"先机,",<10,<10,低
微博头条文章字数,"先机,",<10,<10,低
微信朋友圈神评论段子,"先机,",<10,<10,低
新闻的导语有什么共同特点,"先机,",<10,<10,低
微博话题炒作,"先机,",<10,<10,低
有三个标题的新闻,"先机,",<10,<10,低
微博热门文章,"先机,",<10,<10,低
吸引人的帖子标题,"先机,",<10,<10,低
传播正能量小视频,"先机,",<10,<10,低
朋友圈神评论搞笑段子,"先机,",<10,<10,低
朋友圈谣言的行为,"先机,",<10,<10,低
微信有趣的段子,"先机,",<10,<10,低
话题炒作案例,"先机,",<10,<10,低
幽默推广段子,"先机,",<10,<10,低
现在自媒体遇到的困境,"先机,",<10,<10,低
官方微博能发搞笑,"先机,",<10,<10,低
自媒体大全,"先机,潜力,",<10,<10,低
评论朋友圈搞笑段子,"先机,",<10,<10,低
新闻老是虚假标题,"先机,",<10,<10,低
关于砍价的段子,"先机,",<10,<10,低
砍价的段子,"先机,",<10,<10,低
调侃时事的搞笑段子,"先机,潜力,",<10,<10,低
微博段子,"先机,",<10,<10,低
微博搞笑段子,"先机,",<10,<10,中
朋友圈装逼段子,"先机,",<10,<10,低
新闻标题,"先机,移动,",20,20,低
关于新闻的标题,"先机,潜力,",<10,<10,低
新闻的标题,"先机,",<10,<10,低
各种新闻标题,"先机,",<10,<10,低
讽刺朋友圈,"先机,",<10,<10,低
微博关注分类,"先机,",<10,<10,低
微博话题引爆,"先机,",<10,<10,低
自媒体如何找话题,"先机,",<10,<10,低
如何看待朋友圈现象,"先机,",<10,<10,低
朋友圈说穷的段子,"先机,",<10,<10,低
2016微信笑话段子,"先机,",<10,<10,低
朋友圈评论搞笑,"先机,",<10,<10,低
精彩文章分享,"先机,潜力,",<10,<10,低
朋友圈回复恶搞评论,"先机,",<10,<10,低
微博有非关注人的推送,"先机,",<10,<10,低
2018朋友圈谣言,"先机,",<10,<10,低
主动搜索新闻,"先机,",<10,<10,低
朋友圈说说加图幽默搞笑,"先机,",<10,<10,低
有标题的新闻,"先机,",<10,<10,低
自媒体好昵称,"先机,",<10,<10,低
标题套路,"先机,潜力,",<10,<10,低
微博怎么添加话题,"先机,",<10,<10,低
幽默的邀请朋友圈投票,"先机,",<10,<10,低
贴吧搞笑帖子,"先机,",<10,<10,低
搞笑文章锦集,"先机,",<10,<10,低
微博超话帖子怎么删,"先机,",<10,<10,低
微博关注的话题在哪,"先机,",<10,<10,低
导语新闻,"先机,",<10,<10,低
关于自媒体文章首发,"先机,",<10,<10,低
有哪些有趣的微博,"先机,",<10,<10,低
微博头条文章图片尺寸,"先机,",<10,<10,低
朋友圈搞笑的评论,"先机,",<10,<10,低
朋友圈搞笑评论,"先机,",<10,<10,低
有趣的朋友圈回复,"先机,",<10,<10,低
热点时评类文章,"先机,",<10,<10,低
天涯搞笑帖子,"先机,潜力,",<10,<10,低
最吸引人的帖子标题,"先机,",<10,<10,低
幽默搞笑的朋友圈说说,"先机,",<10,<10,低
幽默搞笑朋友圈说说,"先机,",<10,<10,低
愚人节朋友圈套路,"先机,",<10,<10,低
微博超级话题怎么取消关注,"先机,",<10,<10,低
自媒体曝文,"先机,",<10,<10,低
写段子调侃百度,"先机,",<10,<10,低
营销自媒体人波旬知乎回答集锦,"先机,",<10,<10,低
朋友圈地震谣言,"先机,",<10,<10,低
微博关注的话题怎么取消,"先机,",<10,<10,低
自媒体为何泛滥,"先机,",<10,<10,低
自媒体泛滥,"先机,潜力,",<10,<10,低
微信笑话段子,"先机,",<10,<10,低
经典新闻标题大全,"先机,",<10,<10,低
人们关注的热点话题,"先机,",<10,<10,低
热点段子,"先机,",<10,<10,低
关于360的新闻谣言,"先机,",<10,<10,低
微博自媒体加入须发表20篇头条文章,"先机,",<10,<10,低
朋友圈投票搞笑的话,"先机,",<10,<10,低
最近的段子热点,"先机,",<10,<10,低
农妇自媒体崩溃,"先机,",<10,<10,低
正能量新闻热点及评论,"先机,",<10,<10,低
软文段子,"先机,",<10,<10,低
2018搞笑朋友圈说说,"先机,",<10,<10,低
微博自媒体分类,"先机,",<10,<10,低
自媒体网络暴力问题,"先机,",<10,<10,低
适合在朋友圈发的笑话,"先机,",<10,<10,低
自媒体引导关注,"先机,",<10,<10,低
微博关注的人怎么分组,"先机,",<10,<10,低
新闻标题是什么,"先机,",<10,<10,低
新闻的标题是什么,"先机,",<10,<10,低
自媒体作者排行榜,"先机,",<10,<10,低
新闻导语的三大作用,"先机,",<10,<10,低
朋友圈里的谣言,"先机,",<10,<10,低
为什么朋友圈谣言多,"先机,",<10,<10,低
自媒体的积极意义,"先机,",<10,<10,低
失败的新闻标题,"先机,",<10,<10,低
贴吧有趣的帖子,"先机,",<10,<10,低
微博热门搞笑对话,"先机,",<10,<10,低
微博话题排名,"先机,",<10,<10,低
幽默搞笑的说说朋友圈,"先机,",<10,<10,低
微博超话帖子,"先机,",<10,<10,低
朋友圈奇葩评论,"先机,",<10,<10,低
怎么创建微博话题,"先机,",<10,<10,低
创建微博话题,"先机,",<10,<10,低
如何创建微博话题,"先机,",<10,<10,低
比较吸引人的帖子标题,"先机,",<10,<10,低
发朋友圈段子,"先机,",<10,<10,低
发朋友圈的段子,"先机,潜力,",<10,<10,低
比较搞笑的文章,"先机,",<10,<10,低
幽默搞笑微信推文,"先机,",<10,<10,低
关注为话题,"先机,",<10,<10,低
好文章段子,"先机,",<10,<10,低
搞笑微博段子,"先机,",<10,<10,低
时事新闻搞笑合集,"先机,",<10,<10,低
什么是新闻导语,"先机,",<10,<10,低
什么是新闻的导语,"先机,",<10,<10,低
网写段子讽百度,"先机,",<10,<10,低
微博热门文章抓取规则,"先机,",<10,<10,低
朋友圈幽默搞笑段子,"先机,",<10,<10,低
五个新闻标题,"先机,",<10,<10,低
自媒体追不到热点,"先机,",<10,<10,低
朋友圈虚伪的正能量,"先机,",<10,<10,低
朋友圈幽默回复别人,"先机,",<10,<10,低
自媒体作者,"先机,潜力,",<10,<10,低
朋友圈搞笑说说大全,"先机,潜力,",<10,<10,低
自媒体文章可以一文多发吗,"先机,",<10,<10,低
触电新闻自媒体,"先机,",<10,<10,低
微博怎么关注超话,"先机,",<10,<10,低
欢迎导语,"先机,",<10,<10,低
朋友圈奇葩天涯,"先机,",<10,<10,低
新闻标题和导语的关系,"先机,",<10,<10,低
微博怎么写文章,"先机,",<10,<10,低
微博写文章,"先机,",<10,<10,低
微博如何写文章,"先机,",<10,<10,低
体育新闻新浪简短,"先机,",<10,<10,低
新浪微博文章修改,"先机,",<10,<10,低
朋友圈哭穷段子,"先机,",<10,<10,低
幽默搞笑新闻段子,"先机,潜力,",<10,<10,低
朋友圈传播谣言的行为,"先机,",<10,<10,低
朋友圈拉票的幽默用语,"先机,",<10,<10,低
内涵幽默段子,"先机,",<10,<10,低
微博话题蹭热点,"先机,",<10,<10,低
评论朋友圈的经典话语,"先机,",<10,<10,低
什么是新闻的标题,"先机,",<10,<10,低
什么是新闻标题,"先机,",<10,<10,低
三个标题的新闻,"先机,",<10,<10,低
自媒体发别人的图片,"先机,",<10,<10,低
朋友圈互动话题大全,"先机,潜力,移动,",<10,<10,低
幽默的回复朋友圈评论,"先机,",<10,<10,低
朋友圈全文段子,"先机,",<10,<10,低
最近的正能量新闻热点,"先机,潜力,",<10,<10,低
愚人节帖子,"先机,",<10,<10,低
微博互动话题大全,"先机,",<10,<10,低
搞笑小文章,"先机,潜力,",<10,<10,低
搞笑朋友圈套路,"先机,",<10,<10,低
2017朋友圈谣言,"先机,",<10,<10,低
10条新闻标题和导语,"先机,",<10,<10,低
微博怎么搜索话题,"先机,",<10,<10,低
微博热点是什么,"先机,",<10,<10,低
关注校园暴力微博,"先机,",<10,<10,低
新闻标题概括,"先机,",<10,<10,低
幽默搞笑公众号,"先机,",<10,<10,低
热点关注图片,"先机,",<10,<10,低
火山娱乐八卦公众号,"先机,",<10,<10,低
恶搞新闻,"先机,",<10,<10,低
朋友圈逗比段子,"先机,",<10,<10,低
在朋友圈传播谣言的行为,"先机,",<10,<10,低
接地气的朋友圈,"先机,",<10,<10,低
如何炒作话题,"先机,",<10,<10,低
炒作话题,"先机,",<10,<10,低
不管是在朋友圈还是在微博上作文,"先机,",<10,<10,低
幽默搞笑微博,"先机,",<10,<10,低
营销类的段子,"先机,",<10,<10,低
新闻式标题例子,"先机,",<10,<10,低
写人文章开头的好段子,"先机,",<10,<10,低
百姓生活关注新闻,"先机,",<10,<10,低
搜集网友短故事的公众号,"先机,",<10,<10,低
有玩自媒体的大哥吗,"先机,",<10,<10,低
自媒体图片去重,"先机,",<10,<10,低
新闻导语作用,"先机,",<10,<10,低
新闻导语的作用,"先机,潜力,",<10,<10,低
搞笑朋友圈语录,"先机,",<10,<10,低
朋友圈搞笑说说,"先机,",<10,<10,低
知乎添加关注话题,"先机,",<10,<10,低
小月月文章,"先机,",<10,<10,低
小故事导语开头的新闻,"先机,",<10,<10,低
夸文章写得好的段子,"先机,",<10,<10,低
搞笑的朋友圈说说,"先机,",<10,<10,低
搞笑朋友圈说说,"先机,",<10,<10,低
一句话新闻大全,"先机,移动,",30,30,低
新闻标题导语摘抄,"先机,",<10,<10,低
新闻的标题和导语摘抄,"先机,",<10,<10,低
搞笑的朋友圈内容,"先机,",<10,<10,低
搞笑经典回复说说评论,"先机,",<10,<10,低
微博话题讨论量,"先机,",<10,<10,低
新浪微博写文章,"先机,",<10,<10,低
新浪微博怎么写文章,"先机,",<10,<10,低
新浪微博如何写文章,"先机,",<10,<10,低
朋友圈奇葩,"先机,",<10,<10,低
朋友圈的奇葩,"先机,",<10,<10,低
朋友圈骂小人的话语,"先机,",<10,<10,低
感人的新闻,"先机,",<10,<10,低
感人新闻,"先机,",<10,<10,低
2018微博热点话题,"先机,",<10,<10,低
夸奖文章写的好段子,"先机,",<10,<10,低
微博头条文章图片,"先机,",<10,<10,低
搞笑评论别人的朋友圈,"先机,",<10,<10,低
鹿晗小段子文章,"先机,",<10,<10,低
笑话分享,"先机,",<10,<10,低
朋友圈小段子,"先机,",<10,<10,低
七夕搞笑朋友圈段子,"先机,",<10,<10,低
搞笑朋友圈说说带图,"先机,",<10,<10,低
微博超话怎么关注,"先机,",<10,<10,低
神回复段子经典评论,"先机,",<10,<10,低
新闻有导语有主体,"先机,",<10,<10,低
微博新闻的特点,"先机,",<10,<10,低
朋友圈搞笑段子,"先机,",<10,<10,低
朋友圈的搞笑段子,"先机,",<10,<10,低
小故事开头的新闻导语,"先机,",<10,<10,低
微博搞笑的段子,"先机,",<10,<10,低
微博话题怎么升级超话,"先机,",<10,<10,低
最新热议话题,"先机,潜力,",<10,<10,低
微博怎么写头条文章,"先机,",<10,<10,低
新闻并标明导语,"先机,",<10,<10,低
有标题导语主体的新闻200字,"先机,",<10,<10,低
人民网新闻时评,"先机,潜力,",<10,<10,低
新闻导语是什么,"先机,",<10,<10,低
新闻的导语是什么,"先机,",<10,<10,低
微信正能量段子,"先机,",<10,<10,低
新闻标题大全,"先机,移动,",<10,<10,低
提问式导语新闻例子,"先机,",<10,<10,低
引人关注的朋友圈素材,"先机,",<10,<10,低
自媒体报道,"先机,潜力,",<10,<10,低
新闻标题对比,"先机,",<10,<10,低
新闻大标题,"先机,",<10,<10,低
朋友圈经典回复评论,"先机,",<10,<10,低
朋友圈恶搞一千字评论,"先机,",<10,<10,低
微博文章排行,"先机,",<10,<10,低
微博小段子,"先机,",<10,<10,低
社会新闻话题,"先机,",<10,<10,低
适合朋友圈的搞笑段子最新,"先机,",<10,<10,低
代沟微信笑话,"先机,",<10,<10,低
世界杯朋友圈说说,"先机,",<10,<10,低
搞笑话题讨论,"先机,",<10,<10,低
新闻错别字,"先机,",<10,<10,低
自媒体文章编辑,"先机,潜力,",<10,<10,中
微博话题热搜,"先机,",<10,<10,低
分享一个段子,"先机,",<10,<10,低
史上最搞笑的朋友圈,"先机,",<10,<10,低
女生关注的话题,"先机,潜力,",<10,<10,低
爸妈朋友圈的谣言,"先机,",<10,<10,低
微博怎么创建话题,"先机,",<10,<10,低
微博创建话题,"先机,",<10,<10,低
微博如何创建话题,"先机,",<10,<10,低
朋友圈有趣的互动话题,"先机,潜力,",<10,<10,低
怎么写微博说说,"先机,",<10,<10,低
朋友圈喝酒段子搞笑,"先机,",<10,<10,低
自媒体致歉马云,"先机,",<10,<10,低
最感人的朋友圈,"先机,",<10,<10,低
自媒体节日话题,"先机,",<10,<10,低
微博搞笑排行榜知乎,"先机,",<10,<10,低
知乎关注最多的话题,"先机,",<10,<10,低
含有标题的新闻,"先机,",<10,<10,低
如何在微博写文章,"先机,",<10,<10,低
自媒体故事文,"先机,",<10,<10,低
自媒体文章来源,"先机,",<10,<10,低
拉票段子,"先机,潜力,",<10,<10,低
拉票的段子,"先机,",<10,<10,低
微博最新文章,"先机,",<10,<10,低
自媒体介绍怎么写,"先机,",20,<10,低
自媒体存在的意义,"先机,潜力,",<10,<10,低
自媒体的意义,"先机,",<10,<10,低
搞笑的神评论和神回复,"先机,",<10,<10,低
自媒体小视频截取,"先机,",<10,<10,低
含有错别字的笑话,"先机,",<10,<10,低
微博说说正能量,"先机,",<10,<10,低
微博话题符号,"先机,",<10,<10,低
十个不同类型的新闻标题,"先机,",<10,<10,低
自媒体名称,"先机,潜力,",<10,<10,低
微博如何写长文章,"先机,",<10,<10,低
微博怎么写长文章,"先机,",<10,<10,低
不好的新闻标题评析,"先机,",<10,<10,低
微博文章怎么上热门,"先机,",<10,<10,低
微信笑话段子带图片,"先机,",<10,<10,低
新闻标题要,"先机,",<10,<10,低
自媒体题目,"先机,",<10,<10,低
新闻标题积累,"先机,",<10,<10,低
怎么编辑自媒体文章,"先机,",<10,<10,低
超搞笑的朋友圈说说,"先机,",<10,<10,低
媒体融合的笑话,"先机,",<10,<10,低
搞笑长文章,"先机,",<10,<10,低
新闻的导语有什么特点,"先机,",<10,<10,低
新闻标题及导语20条,"先机,",<10,<10,低
三行新闻标题例子,"先机,",<10,<10,低
朋友圈谣言的危害,"先机,",<10,<10,低
自媒体作者简介,"先机,潜力,",<10,<10,低
骂人虚伪的朋友圈说说,"先机,",<10,<10,低
新闻主标题的作用,"先机,",<10,<10,低
内涵搞笑文章,"先机,",<10,<10,低
发微博带话题有什么用,"先机,",<10,<10,低
新闻提问式导语例子,"先机,",<10,<10,低
朋友圈有趣说说,"先机,",<10,<10,低
朋友圈有趣的说说,"先机,",<10,<10,低
微博中热门的话题,"先机,",<10,<10,低
如何概括新闻标题,"先机,",<10,<10,低
概括新闻标题,"先机,",<10,<10,低
自媒体如何写文,"先机,",<10,<10,低
自媒体写文,"先机,潜力,",<10,<10,低
网络热点笑话,"先机,",<10,<10,低
幽默微信段子图片,"先机,",<10,<10,低
自媒体上传新闻视频,"先机,",<10,<10,低
朋友圈搞笑内容,"先机,",<10,<10,低
微信经典段子,"先机,",<10,<10,低
朋友圈段子加图片,"先机,",<10,<10,低
网络群主笑话段子,"先机,",<10,<10,低
成功人士发朋友圈段子,"先机,",<10,<10,低
摘抄新闻标题及导语,"先机,",<10,<10,低
关注小编,"先机,",<10,<10,低
新浪微博文章,"先机,",<10,<10,低
微信朋友圈拉票词,"先机,",<10,<10,低
含主标题的新闻,"先机,",<10,<10,低
微博怎么带超级话题,"先机,",<10,<10,低
微博话题创建,"先机,",<10,<10,低
微博话题怎么创建,"先机,",<10,<10,低
朋友圈传播谣言,"先机,",<10,<10,低
自媒体内容来源,"先机,潜力,",<10,<10,中
2018热点时评文章,"先机,",<10,<10,低
老年人关注的话题,"先机,",<10,<10,低
自媒体感悟,"先机,",<10,<10,低
爆文标题套路,"先机,",<10,<10,低
微博话题规则,"先机,",<10,<10,低
怎么写新闻时评,"先机,",<10,<10,低
标题新闻,"先机,",<10,<10,低
自媒体人应当保持的底线,"先机,",<10,<10,低
有趣的新闻网站,"先机,",<10,<10,低
有趣新闻网站,"先机,",<10,<10,低
带小故事导语的新闻,"先机,",<10,<10,低
2018朋友圈搞笑说说,"先机,",<10,<10,低
农村自媒体人,"先机,潜力,",<10,<10,低
微博怎么分享微信文章,"先机,",<10,<10,低
优秀新闻标题和导语,"先机,",<10,<10,低
自媒体不知道写什么,"先机,潜力,",<10,<10,低
微博特别关注不推送,"先机,",<10,<10,低
新闻标题有什么作用,"先机,",<10,<10,低
自媒体抄袭,"先机,潜力,",<10,<10,低
对自媒体的认识,"先机,潜力,",<10,<10,低
微信朋友圈幽默趣图,"先机,",<10,<10,低
适合朋友圈的搞笑段子,"先机,",<10,<10,低
最新时评文章,"先机,",<10,<10,低
微博话题与超级话题的区别,"先机,",<10,<10,低
520朋友圈段子,"先机,",<10,<10,低
正能量文章分享,"先机,潜力,",<10,<10,低
分享正能量的文章,"先机,潜力,",<10,<10,低
分享正能量文章,"先机,",<10,<10,低
朋友圈长篇搞笑回复,"先机,",<10,<10,低
自媒体洗稿爆文,"先机,",<10,<10,低
看一看新闻,"先机,",<10,<10,低
幽默又正能量的朋友圈,"先机,",<10,<10,低
农村人自媒体,"先机,",<10,<10,低
微博怎么看关注的话题,"先机,",<10,<10,低
幽默评论别人的朋友圈,"先机,",<10,<10,低
引人注目的新闻标题,"先机,",<10,<10,低
最感动的新闻,"先机,",<10,<10,低
最新新闻标题大全,"先机,",<10,<10,低
微信朋友圈全文段子,"先机,",<10,<10,低
最近微博热门话题,"先机,",<10,<10,低
直男癌搞笑段子,"先机,",<10,<10,低
微博话题页,"先机,",<10,<10,低
怎么写微博文章,"先机,",<10,<10,低
如何写微博文章,"先机,",<10,<10,低
怎样写微博文章,"先机,",<10,<10,低
有引标题的新闻,"先机,",<10,<10,低
朋友圈下的搞笑评论,"先机,",<10,<10,低
新闻加时评,"先机,",<10,<10,低
自媒体文章采集站,"先机,潜力,",<10,<10,低
自媒体名词解释,"先机,潜力,",<10,<10,低
体育新闻报道文章,"先机,",<10,<10,低
微博pc端怎么写文章,"先机,",<10,<10,低
朋友圈感人短语,"先机,",<10,<10,低
微信搞笑图文段子,"先机,",<10,<10,低
微信段子哲理,"先机,",<10,<10,低
自媒体稿子,"先机,潜力,",<10,<10,低
自媒体昵称大全,"先机,潜力,",<10,<10,低
公平朋友圈投票作文素材,"先机,",<10,<10,低
90后关注的话题,"先机,",<10,<10,低
精准脱贫时评文章,"先机,",<10,<10,低
感谢朋友圈投票的话语,"先机,潜力,",<10,<10,低
热门评论段子,"先机,潜力,",<10,<10,低
引标题新闻,"先机,",<10,<10,低
欢迎关注公众号的话语,"先机,",<10,<10,低
感动新闻,"先机,",<10,<10,低
感动的新闻,"先机,",<10,<10,低
写段子,"先机,潜力,",<10,<10,低
怎样写段子,"先机,",<10,<10,低
如何写段子,"先机,潜力,",<10,<10,低
怎么写段子,"先机,潜力,",<10,<10,低
搞笑的文章,"先机,",<10,<10,低
搞笑文章,"先机,",<10,<10,低
关于搞笑的文章,"先机,",<10,<10,低
自媒体诽谤,"先机,",<10,<10,低
朋友圈有趣评论,"先机,",<10,<10,低
朋友圈有趣的评论,"先机,",<10,<10,低
歧视别人的新闻,"先机,",<10,<10,低
朋友圈幽默回复,"先机,",<10,<10,低
农民工写的头条互粉文章,"先机,",<10,<10,低
世界杯相关文章,"先机,",<10,<10,低
微博文章图片尺寸,"先机,",<10,<10,低
自媒体内容造假,"先机,",<10,<10,低
自媒体名称大全,"先机,",20,<10,低
怎么在微博上写文章,"先机,",<10,<10,低
怎样在微博上写文章,"先机,",<10,<10,低
微博文章可以修改吗,"先机,",<10,<10,低
微博文章修改,"先机,",<10,<10,低
微博文章怎么修改,"先机,",<10,<10,低
下雨朋友圈的搞笑说说,"先机,",<10,<10,低
下雨搞笑朋友圈说说,"先机,",<10,<10,低
马化腾新闻,"先机,",<10,<10,低
话题炒作,"先机,",<10,<10,低
自媒体社会领域怎么写,"先机,",<10,<10,低
自媒体话语权,"先机,潜力,",<10,<10,低
微博文章,"先机,",<10,<10,低
搞笑话题段子,"先机,",<10,<10,低
微博文章字数限制,"先机,",<10,<10,低
朋友圈诋毁,"先机,",<10,<10,低
微博话题不显示,"先机,",<10,<10,低
自媒体人简介,"先机,潜力,",<10,<10,低
正能量的笑话段子,"先机,",<10,<10,低
2018搞笑朋友圈,"先机,",<10,<10,低
30个新闻标题,"先机,",<10,<10,低
微博头条文章如何设置关注以后阅读,"先机,",<10,<10,低
段子最新暗号,"先机,",<10,<10,低
微博头条文章不见了,"先机,",<10,<10,低
自媒体文章在线采集,"先机,",<10,<10,低
朋友圈恶搞回复,"先机,",<10,<10,低
有意义有哲理的小视频,"先机,",<10,<10,低
以小故事开头的新闻导语,"先机,",<10,<10,低
微信哲理段子,"先机,",<10,<10,低
朋友圈造谣,"先机,",<10,<10,低
有趣的话题分享,"先机,",<10,<10,低
天涯有趣的帖子,"先机,",<10,<10,低
微博关注怎么分组,"先机,",<10,<10,低
微博关注分组,"先机,",<10,<10,低
微博虚假新闻,"先机,",<10,<10,低
刘强东性侵大学生搜狗新闻,"先机,",<10,<10,低
微博走心段子,"先机,",<10,<10,低
小编神回复,"先机,",<10,<10,低
微博文章怎么写,"先机,",<10,<10,低
新闻引标题,"先机,",<10,<10,低
新闻的引标题,"先机,",<10,<10,低
搞笑好玩的段子公众号,"先机,",<10,<10,低
经典搞笑文章,"先机,",<10,<10,低
群聊经典话题,"先机,",<10,<10,低
有内涵的朋友圈,"先机,潜力,",<10,<10,低
新闻标题怎么写吸引人,"先机,",<10,<10,低
自媒体文章查重,"潜力,",<10,<10,高
时评网红,"先机,",<10,<10,低
公众号关注事件,"先机,",<10,<10,低
朋友圈拉票宣言,"先机,",<10,<10,低
搞笑的微信朋友圈段子,"先机,",<10,<10,低
自媒体图片尺寸,"先机,潜力,",<10,<10,低
微博话题上榜,"先机,",<10,<10,低
微博老是推送未关注人,"先机,",<10,<10,低
丧文化时评,"先机,",<10,<10,低
微信朋友圈正能量段子,"先机,",<10,<10,低
